<?xml version="1.0" encoding="UTF-8"?>
<project-private xmlns="http://www.netbeans.org/ns/project-private/1">
    <editor-bookmarks xmlns="http://www.netbeans.org/ns/editor-bookmarks/2" lastBookmarkId="0"/>
    <open-files xmlns="http://www.netbeans.org/ns/projectui-open-files/2">
        <group>
            <file>file:/C:/Users/USER/OneDrive%20-%20UNIVERSITY%20UTARA%20MALAYSIA/Netbeans/BadmintonBookingSystem/src/CheckCourt.java</file>
            <file>file:/C:/Users/USER/OneDrive%20-%20UNIVERSITY%20UTARA%20MALAYSIA/Netbeans/BadmintonBookingSystem/src/BadmintonBookingSystem.java</file>
            <file>file:/C:/Users/USER/OneDrive%20-%20UNIVERSITY%20UTARA%20MALAYSIA/Netbeans/BadmintonBookingSystem/src/DisplayAllBookings.java</file>
        </group>
    </open-files>
</project-private>
